Day,Date,Module / Feature Area,Task Title,Task Description,Detailed Deliverables,Tech Stack,Status
Day 1,10-Aug-2026,Setup & Architecture,Environment Setup & Boilerplate,Configured the frontend workspace dependencies build tooling and standardized conventions,"1. Vite + React 18 configuration with ESLint setup; 2. Folder structuring (pages components layouts context styles); 3. Global CSS variables reset & typography; 4. Installed Three.js GSAP Framer-motion React Router",Vite | React 18 | ESLint | CSS Variables,Completed
Day 2,11-Aug-2026,Layout & Navigation,Global Layout Navigation Bar & Routing,Built modular layout wrappers and client-side routing across all routes,"1. Configured React Router (BrowserRouter dynamic routes); 2. Implemented sticky dynamic Navbar with blur/glassmorphism; 3. Designed multi-column responsive Footer; 4. Setup Scroll-To-Top and 404 NotFound page",React Router DOM | Glassmorphism | CSS3,Completed
Day 3,12-Aug-2026,Home Page,Hero Section & Landing Showcase,Engineered the main landing page hero banners with high-impact visuals and CTA triggers,"1. Hero header with gradient typography and responsive grid; 2. Interactive CTA buttons with hover micro-interactions; 3. Partner logos ticker carousel; 4. Smooth entrance animations using GSAP & CSS transforms",Home Hero | GSAP | Micro-interactions,Completed
Day 4,13-Aug-2026,3D & Visuals,Three.js / React Three Fiber Canvas,Integrated 3D interactive canvases for modern visual storytelling,"1. Integrated @react-three/fiber and @react-three/drei canvas; 2. Created interactive 3D particle sphere / mesh with mouse tracking; 3. Implemented WebGL fallback & resize listeners; 4. Optimized frame rates and GPU rendering pipelines",Three.js | R3F | WebGL | 3D Canvas,Completed
Day 5,14-Aug-2026,About Module,Company About Mission & Team Page,Developed rich content layouts showcasing mission statements timelines and leadership profiles,"1. Interactive milestone roadmap/timeline with scroll triggers; 2. Leadership cards with bio popups and social links; 3. Company core values visual grid; 4. Full responsive breakpoints adaptation",About Page | Timeline UI | Card Grid,Completed
Day 6,15-Aug-2026,Solutions,Solutions Showcase & Segment Filter,Created solutions catalog with live category filtering feature tabs and matrices,"1. Filterable tabs for enterprise cloud and edge solutions; 2. Feature matrices with interactive comparison check-tables; 3. Metric counter animations with GSAP ScrollTrigger; 4. Downloadable whitepaper CTA integrations",Solutions UI | State Filtering | Tabbed Views,Completed
Day 7,16-Aug-2026,Research & Library,Research Papers & Resource Hub,Built structured repositories for scientific documentation and whitepapers,"1. Search bar with real-time text query filtering; 2. Tag-based classification (AI Quantum Systems Security); 3. Document preview modal with metadata summary & download link; 4. Pagination and sorting controls",Research Hub | Search Filter | Modals,Completed
Day 8,17-Aug-2026,Case Studies,Case Studies & Success Stories,Designed case study layouts detailing client problem statements and metrics,"1. Impact stats callouts with animated numeric counters; 2. Customer testimonial carousel with swipe/arrow controls; 3. Problem vs Solution comparative layout cards; 4. Dynamic slug routing for case study details",Case Studies | Testimonial Slider | Dynamic Routes,Completed
Day 9,18-Aug-2026,News & Media,Newsroom Press & Media Kit,Constructed press announcement hub with chronological feed and media assets,"1. Press release card feeds with date tags and read time; 2. Media kit brand assets download section (logos photos); 3. Social share modal integration (LinkedIn X Copy Link); 4. Newsletter subscription input with regex email validation",Newsroom | Media Kit | Form Validation,Completed
Day 10,19-Aug-2026,Careers,Careers Portal & Job Listings,Created recruitment hub with open positions perks showcase and application flow,"1. Department-wise job openings filter; 2. Interactive job description accordion expanding requirements; 3. Quick resume upload modal form; 4. Culture and employee benefits interactive grid",Careers | Accordion | Application UI,Completed
Day 11,20-Aug-2026,Trust & Compliance,Trust Center & Security Matrix,Implemented security badges compliance summaries and system status indicators,"1. Security certification badges (SOC2 ISO27001 GDPR); 2. Live platform uptime & latency health status mockup; 3. Data privacy policy breakdown with interactive TOC; 4. FAQ accordion with animated collapsible sections",Trust Center | Compliance Badges | FAQ Accordion,Completed
Day 12,21-Aug-2026,Investors & Contact,Investor Relations & Contact Forms,Built investor briefing charts layout and enterprise inquiry form,"1. Quarterly earnings report downloads and investor deck links; 2. Multi-field Contact Form with validation and feedback; 3. Office location maps layout and global directory; 4. Form state handling (idle loading spinner toast)",Investor Relations | Contact Form | Toast Feedback,Completed
Day 13,22-Aug-2026,Products Page,Products Architecture & Tiered Catalog,Constructed product ecosystem presentation feature breakdown and pricing toggle,"1. Product specification tables with interactive highlights; 2. Interactive billing toggle (Monthly / Annual) with discount badges; 3. Feature tier comparison cards with CTA buttons; 4. Dedicated styling and refinements in Products.css",Products.jsx | Products.css | Pricing Tiers,Completed
Day 14,23-Aug-2026,Technology Page,Technology Deep-Dive & Schematics,Engineered core technology breakdown page with interactive architectural flow diagrams,"1. Interactive technology stack tabs (Core Engine Security Cloud AI Pipeline); 2. Architecture flow diagram visualization with animated connector pulses; 3. Performance benchmarks graph and speed comparison cards; 4. Custom keyframes in Technology.css",Technology.jsx | Technology.css | Architecture UI,Completed
Day 15,25-Aug-2026,Active Sprint,Technology & Products Polish & Integration,Refactoring component states styling enhancements in Technology/Products pages and responsive QA,"1. Refining interactive state transitions and layout styling in Technology/index.jsx; 2. Enhancing responsive CSS rules and micro-animations in Products.css & Technology.css; 3. Validating cross-module routing and Three.js canvas responsiveness; 4. Conducting performance audits and polishing breakpoints",Technology/index.jsx | Products.css | UI Refinement,In Progress
